Course,Historical DFW,DFW Cate,Course Name,Term,"LA (Yes=1, No=0)",LA,CRN,Avg. DF RATE ,Avg. DFW RATE,Avg. W RATE ,Students,DF Number,W Number,DFW_Diff
EVR1001C,0.08,Low,Intro. Environmental Science,Fall 2018,0,No,82604,0.03,0.07,0.04,72,2,3,
EVR1001C,0.08,Low,Intro. Environmental Science,Fall 2018,0,No,82605,0.06,0.1,0.04,69,4,3,
EVR1001C,0.08,Low,Intro. Environmental Science,Fall 2018,0,No,83202,0.04,0.08,0.04,75,3,3,
EVR1001C,0.08,Low,Intro. Environmental Science,Fall 2018,1,Yes,83350,0.05,0.08,0.03,38,2,1,-0.003333333
COP2006 ,0.12,Low,Introduction to Programming,Fall 2016,1,Yes,80599,0.04,0.04,0,24,1,0,-0.03
COP2006 ,0.12,Low,Introduction to Programming,Fall 2016,0,No,80600,0.06,0.09,0.03,32,2,1,
COP2006 ,0.12,Low,Introduction to Programming,Spring 2017,1,Yes,10422,0.02,0.07,0.05,41,1,2,0.05
COP2006 ,0.12,Low,Introduction to Programming,Spring 2018,1,Yes,10422,0.15,0.17,0.02,41,6,1,0.07
COP2006 ,0.12,Low,Introduction to Programming,Fall 2018,1,Yes,80599,0.17,0.19,0.02,52,9,1,0.03
COP2006 ,0.12,Low,Introduction to Programming,Fall 2018,0,No,83603,0.05,0.15,0.1,20,1,2,
MGF1106 ,0.13,Low,Finite Mathematics,Fall 2016,0,No,81080,0.06,0.06,0,32,2,0,
MGF1106 ,0.13,Low,Finite Mathematics,Fall 2016,1,Yes,81081,0.03,0.09,0.06,32,1,2,-0.02
MGF1106 ,0.13,Low,Finite Mathematics,Fall 2016,0,No,81082,0.09,0.14,0.06,35,3,2,
MGF1106 ,0.13,Low,Finite Mathematics,Fall 2016,0,No,81083,0.09,0.13,0.03,32,3,1,
MGF1106 ,0.13,Low,Finite Mathematics,Fall 2016,0,No,81138,0.06,0.11,0.06,35,2,2,
MGF1106 ,0.13,Low,Finite Mathematics,Fall 2016,0,No,81163,0.06,0.11,0.06,35,2,2,
MGF1106 ,0.13,Low,Finite Mathematics,Spring 2018,1,Yes,10239,0.08,0.11,0.03,36,3,1,0
MGF1106 ,0.13,Low,Finite Mathematics,Spring 2018,1,Yes,10241,0.2,0.31,0.11,35,7,4,0.2
MGF1106 ,0.13,Low,Finite Mathematics,Spring 2018,0,No,10356,0.11,0.11,0,35,4,0,
ESC1000C,0.15,Low,Intro Earth Science,Fall 2017,1,Yes,82234,0.17,0.22,0.04,69,12,3,0.076
ESC1000C,0.15,Low,Intro Earth Science,Fall 2017,0,No,82235,0.11,0.23,0.11,71,8,8,
ESC1000C,0.15,Low,Intro Earth Science,Fall 2017,0,No,82530,0.04,0.09,0.04,70,3,3,
ESC1000C,0.15,Low,Intro Earth Science,Spring 2018,0,No,10150,0.08,0.14,0.06,72,6,4,
ESC1000C,0.15,Low,Intro Earth Science,Spring 2018,0,No,10151,0.13,0.15,0.03,72,9,2,
ESC1000C,0.15,Low,Intro Earth Science,Spring 2018,1,Yes,10155,0.06,0.1,0.04,72,4,3,-0.044
ESC1000C,0.15,Low,Intro Earth Science,Spring 2018,0,No,10160,0.08,0.11,0.03,38,3,1,
PHY2054C,0.16,Low,College Physics w/Lab II,Spring 2017,1,Yes,10111,0.06,0.16,0.09,32,2,3,0
PHY2054C,0.16,Low,College Physics w/Lab II,Spring 2017,0,No,10112,0.03,0.16,0.13,32,1,4,
STA2122 ,0.17,Low,Social Science Statistics,Fall 2018,1,Yes,81134,0.13,0.16,0.03,32,4,1,-0.025
STA2122 ,0.17,Low,Social Science Statistics,Fall 2018,0,No,81178,0.06,0.21,0.15,34,2,5,
STA2122 ,0.17,Low,Social Science Statistics,Fall 2018,0,No,81180,0.06,0.16,0.09,32,2,3,
COP1500 ,0.19,Low,Intro to Computer Science,Spring 2017,1,Yes,10417,0.16,0.22,0.05,37,6,2,0.0025
COP1500 ,0.19,Low,Intro to Computer Science,Spring 2017,0,No,10418,0.13,0.16,0.03,32,4,1,
COP1500 ,0.19,Low,Intro to Computer Science,Fall 2017,1,Yes,80597,0.2,0.26,0.06,51,10,3,0.0425
COP1500 ,0.19,Low,Intro to Computer Science,Fall 2017,0,No,80598,0.16,0.24,0.09,45,7,4,
COP1500 ,0.19,Low,Intro to Computer Science,Spring 2018,1,Yes,10417,0.05,0.08,0.03,40,2,1,-0.1375
COP1500 ,0.19,Low,Intro to Computer Science,Spring 2018,0,No,10418,0.13,0.3,0.18,40,5,7,
COP1500 ,0.19,Low,Intro to Computer Science,Fall 2018,1,Yes,80597,0.11,0.13,0.02,56,6,1,-0.0875
COP1500 ,0.19,Low,Intro to Computer Science,Fall 2018,0,No,80598,0.13,0.17,0.04,46,6,2,
EGM3420C,0.23,Mid,Engineering Mechanics,Spring 2018,0,No,10366,0.16,0.31,0.16,32,5,5,
EGM3420C,0.23,Mid,Engineering Mechanics,Spring 2018,1,Yes,10367,0.05,0.16,0.11,38,2,4,-0.1
EGM3420C,0.23,Mid,Engineering Mechanics,Spring 2018,0,No,13005,0.16,0.21,0.05,19,3,1,
MAC2312 ,0.23,Mid,Calculus II,Fall 2018,1,Yes,81054,0.26,0.34,0.09,35,9,3,0.135
MAC2312 ,0.23,Mid,Calculus II,Fall 2018,0,No,81055,0.13,0.23,0.1,30,4,3,
MAC2312 ,0.23,Mid,Calculus II,Fall 2018,0,No,81068,0.03,0.03,0,35,1,0,
MAC2312 ,0.23,Mid,Calculus II,Fall 2018,0,No,81085,0.26,0.32,0.07,31,8,2,
MAC2312 ,0.23,Mid,Calculus II,Fall 2018,0,No,81124,0.15,0.24,0.09,34,5,3,
MAT1033 ,0.23,Mid,Intermediate Algebra,Fall 2016,0,No,81017,0.15,0.18,0.03,73,11,2,
MAT1033 ,0.23,Mid,Intermediate Algebra,Fall 2016,0,No,81018,0.16,0.17,0.01,71,11,1,
MAT1033 ,0.23,Mid,Intermediate Algebra,Fall 2016,0,No,81021,0.28,0.33,0.06,72,20,4,
MAT1033 ,0.23,Mid,Intermediate Algebra,Fall 2016,0,No,81028,0.14,0.32,0.19,74,10,14,
MAT1033 ,0.23,Mid,Intermediate Algebra,Fall 2016,0,No,81031,0.24,0.29,0.06,72,17,4,
MAT1033 ,0.23,Mid,Intermediate Algebra,Fall 2016,1,Yes,81108,0.28,0.31,0.03,74,21,2,0.088709677
MAT1033 ,0.23,Mid,Intermediate Algebra,Fall 2016,0,No,81109,0.14,0.18,0.04,73,10,3,
MAT1033 ,0.23,Mid,Intermediate Algebra,Fall 2016,0,No,81154,0.15,0.27,0.12,74,11,9,
MAT1033 ,0.23,Mid,Intermediate Algebra,Fall 2016,0,No,81155,0.18,0.21,0.03,73,13,2,
MAT1033 ,0.23,Mid,Intermediate Algebra,Fall 2016,0,No,81156,0.22,0.27,0.06,73,16,4,
MAT1033 ,0.23,Mid,Intermediate Algebra,Fall 2016,0,No,81157,0.12,0.16,0.04,73,9,3,
MAT1033 ,0.23,Mid,Intermediate Algebra,Fall 2016,0,No,81158,0.14,0.19,0.05,43,6,2,
MAT1033 ,0.23,Mid,Intermediate Algebra,Fall 2016,0,No,81159,0.07,0.1,0.03,71,5,2,
MAT1033 ,0.23,Mid,Intermediate Algebra,Fall 2016,0,No,81160,0.01,0.01,0,74,1,0,
MAT1033 ,0.23,Mid,Intermediate Algebra,Fall 2016,0,No,81161,0.13,0.17,0.04,72,9,3,
MAT1033 ,0.23,Mid,Intermediate Algebra,Fall 2016,1,Yes,81162,0.25,0.27,0.01,71,18,1,0.048709677
MAT1033 ,0.23,Mid,Intermediate Algebra,Fall 2016,0,No,82270,0.11,0.12,0.01,73,8,1,
MAT1033 ,0.23,Mid,Intermediate Algebra,Fall 2017,0,No,81017,0.17,0.23,0.06,71,12,4,
MAT1033 ,0.23,Mid,Intermediate Algebra,Fall 2017,0,No,81018,0.14,0.17,0.03,72,10,2,
MAT1033 ,0.23,Mid,Intermediate Algebra,Fall 2017,0,No,81021,0.3,0.35,0.06,71,21,4,
MAT1033 ,0.23,Mid,Intermediate Algebra,Fall 2017,0,No,81028,0.17,0.2,0.03,71,12,2,
MAT1033 ,0.23,Mid,Intermediate Algebra,Fall 2017,0,No,81108,0.22,0.26,0.04,72,16,3,
MAT1033 ,0.23,Mid,Intermediate Algebra,Fall 2017,0,No,81109,0.14,0.21,0.07,72,10,5,
MAT1033 ,0.23,Mid,Intermediate Algebra,Fall 2017,0,No,81154,0.11,0.18,0.07,72,8,5,
MAT1033 ,0.23,Mid,Intermediate Algebra,Fall 2017,0,No,81155,0.13,0.17,0.04,69,9,3,
MAT1033 ,0.23,Mid,Intermediate Algebra,Fall 2017,0,No,81156,0.18,0.24,0.06,72,13,4,
MAT1033 ,0.23,Mid,Intermediate Algebra,Fall 2017,0,No,81157,0.19,0.29,0.1,72,14,7,
MAT1033 ,0.23,Mid,Intermediate Algebra,Fall 2017,0,No,81158,0.18,0.27,0.09,33,6,3,
MAT1033 ,0.23,Mid,Intermediate Algebra,Fall 2017,0,No,81159,0.25,0.35,0.1,71,18,7,
MAT1033 ,0.23,Mid,Intermediate Algebra,Fall 2017,0,No,81160,0.13,0.17,0.04,71,9,3,
MAT1033 ,0.23,Mid,Intermediate Algebra,Fall 2017,0,No,81161,0.22,0.28,0.06,72,16,4,
MAT1033 ,0.23,Mid,Intermediate Algebra,Fall 2017,0,No,81162,0.04,0.14,0.1,72,3,7,
MAT1033 ,0.23,Mid,Intermediate Algebra,Fall 2017,1,Yes,82270,0.21,0.28,0.07,72,15,5,0.058709677
MAT1033 ,0.23,Mid,Intermediate Algebra,Fall 2017,0,No,82456,0.29,0.38,0.09,34,10,3,
MAC1147 ,0.24,Mid,Precalculus,Spring 2017,0,No,10310,0.11,0.26,0.14,35,4,5,
MAC1147 ,0.24,Mid,Precalculus,Spring 2017,0,No,10312,0.06,0.11,0.06,35,2,2,
MAC1147 ,0.24,Mid,Precalculus,Spring 2017,0,No,10313,0.09,0.14,0.06,35,3,2,
MAC1147 ,0.24,Mid,Precalculus,Spring 2017,0,No,10314,0.11,0.2,0.09,35,4,3,
MAC1147 ,0.24,Mid,Precalculus,Spring 2017,1,Yes,10318,0.09,0.29,0.21,34,3,7,0.046206897
MAC1147 ,0.24,Mid,Precalculus,Spring 2017,0,No,10319,0.03,0.11,0.09,35,1,3,
MAC1147 ,0.24,Mid,Precalculus,Spring 2017,1,Yes,10323,0,0.17,0.17,35,0,6,-0.073793103
MAC1147 ,0.24,Mid,Precalculus,Spring 2017,1,Yes,10324,0.17,0.34,0.17,35,6,6,0.096206897
MAC1147 ,0.24,Mid,Precalculus,Spring 2017,0,No,10325,0.06,0.18,0.12,34,2,4,
MAC1147 ,0.24,Mid,Precalculus,Spring 2017,0,No,10352,0.34,0.4,0.06,35,12,2,
MAC1147 ,0.24,Mid,Precalculus,Fall 2017,0,No,81076,0.24,0.35,0.12,34,8,4,
MAC1147 ,0.24,Mid,Precalculus,Fall 2017,0,No,81096,0.19,0.42,0.22,36,7,8,
MAC1147 ,0.24,Mid,Precalculus,Fall 2017,0,No,81097,0.05,0.21,0.16,38,2,6,
MAC1147 ,0.24,Mid,Precalculus,Fall 2017,0,No,81100,0.11,0.2,0.09,35,4,3,
MAC1147 ,0.24,Mid,Precalculus,Fall 2017,1,Yes,81102,0.06,0.11,0.06,35,2,2,-0.133793103
MAC1147 ,0.24,Mid,Precalculus,Fall 2017,1,Yes,81104,0.17,0.2,0.03,35,6,1,-0.043793103
MAC1147 ,0.24,Mid,Precalculus,Fall 2017,0,No,81105,0.22,0.25,0.03,36,8,1,
MAC1147 ,0.24,Mid,Precalculus,Fall 2017,0,No,81119,0.09,0.24,0.15,34,3,5,
MAC1147 ,0.24,Mid,Precalculus,Fall 2017,0,No,81121,0.14,0.22,0.08,37,5,3,
MAC1147 ,0.24,Mid,Precalculus,Fall 2017,0,No,81122,0.12,0.15,0.03,34,4,1,
MAC1147 ,0.24,Mid,Precalculus,Fall 2017,0,No,82646,0.08,0.56,0.47,36,3,17,
MAC1147 ,0.24,Mid,Precalculus,Spring 2018,0,No,10310,0.19,0.3,0.11,37,7,4,
MAC1147 ,0.24,Mid,Precalculus,Spring 2018,0,No,10312,0.14,0.26,0.11,35,5,4,
MAC1147 ,0.24,Mid,Precalculus,Spring 2018,0,No,10313,0.11,0.17,0.06,35,4,2,
MAC1147 ,0.24,Mid,Precalculus,Spring 2018,0,No,10314,0.06,0.15,0.09,34,2,3,
MAC1147 ,0.24,Mid,Precalculus,Spring 2018,0,No,10318,0.1,0.19,0.1,31,3,3,
MAC1147 ,0.24,Mid,Precalculus,Spring 2018,0,No,10319,0.13,0.25,0.13,40,5,5,
MAC1147 ,0.24,Mid,Precalculus,Spring 2018,1,Yes,10323,0.11,0.29,0.17,35,4,6,0.046206897
MAC1147 ,0.24,Mid,Precalculus,Spring 2018,1,Yes,10324,0.09,0.11,0.03,35,3,1,-0.133793103
MAC1147 ,0.24,Mid,Precalculus,Spring 2018,0,No,10325,0.09,0.2,0.11,35,3,4,
MAC1147 ,0.24,Mid,Precalculus,Spring 2018,0,No,12423,0.19,0.44,0.25,36,7,9,
STA2023 ,0.25,Mid,Statistical Methods,Fall 2016,0,No,81048,0.11,0.18,0.07,56,6,4,
STA2023 ,0.25,Mid,Statistical Methods,Fall 2016,0,No,81049,0.12,0.21,0.09,57,7,5,
STA2023 ,0.25,Mid,Statistical Methods,Fall 2016,0,No,81061,0.14,0.18,0.04,56,8,2,
STA2023 ,0.25,Mid,Statistical Methods,Fall 2016,0,No,81066,0.19,0.19,0,54,10,0,
STA2023 ,0.25,Mid,Statistical Methods,Fall 2016,0,No,81070,0,0.04,0.04,55,0,2,
STA2023 ,0.25,Mid,Statistical Methods,Fall 2016,1,Yes,81074,0.18,0.23,0.05,56,10,3,-0.023846154
STA2023 ,0.25,Mid,Statistical Methods,Fall 2016,0,No,81075,0.21,0.23,0.02,56,12,1,
STA2023 ,0.25,Mid,Statistical Methods,Fall 2016,0,No,81092,0.11,0.16,0.05,56,6,3,
STA2023 ,0.25,Mid,Statistical Methods,Fall 2016,0,No,81093,0.11,0.14,0.04,56,6,2,
STA2023 ,0.25,Mid,Statistical Methods,Fall 2016,0,No,81111,0.24,0.37,0.13,54,13,7,
STA2023 ,0.25,Mid,Statistical Methods,Fall 2016,0,No,81112,0.14,0.23,0.09,56,8,5,
STA2023 ,0.25,Mid,Statistical Methods,Fall 2016,0,No,81113,0.05,0.14,0.09,56,3,5,
STA2023 ,0.25,Mid,Statistical Methods,Fall 2016,0,No,81117,0.04,0.24,0.2,55,2,11,
STA2023 ,0.25,Mid,Statistical Methods,Fall 2016,0,No,81130,0.26,0.3,0.04,54,14,2,
STA2023 ,0.25,Mid,Statistical Methods,Fall 2016,0,No,81131,0.06,0.24,0.19,54,3,10,
STA2023 ,0.25,Mid,Statistical Methods,Fall 2016,0,No,81133,0.09,0.31,0.22,55,5,12,
STA2023 ,0.25,Mid,Statistical Methods,Fall 2016,0,No,81164,0.11,0.13,0.02,55,6,1,
STA2023 ,0.25,Mid,Statistical Methods,Fall 2016,0,No,81165,0.13,0.18,0.06,55,7,3,
STA2023 ,0.25,Mid,Statistical Methods,Fall 2016,0,No,81166,0.04,0.15,0.11,55,2,6,
STA2023 ,0.25,Mid,Statistical Methods,Fall 2016,0,No,81167,0.39,0.48,0.09,46,18,4,
STA2023 ,0.25,Mid,Statistical Methods,Fall 2016,0,No,81168,0.2,0.34,0.14,56,11,8,
STA2023 ,0.25,Mid,Statistical Methods,Fall 2016,0,No,81169,0.11,0.26,0.15,55,6,8,
STA2023 ,0.25,Mid,Statistical Methods,Fall 2016,0,No,81170,0.05,0.07,0.02,56,3,1,
STA2023 ,0.25,Mid,Statistical Methods,Fall 2016,0,No,81171,0.16,0.29,0.13,56,9,7,
STA2023 ,0.25,Mid,Statistical Methods,Fall 2016,0,No,81172,0.2,0.27,0.07,56,11,4,
STA2023 ,0.25,Mid,Statistical Methods,Fall 2016,0,No,81173,0.12,0.35,0.23,52,6,12,
STA2023 ,0.25,Mid,Statistical Methods,Fall 2016,0,No,81174,0.07,0.23,0.16,56,4,9,
STA2023 ,0.25,Mid,Statistical Methods,Fall 2016,0,No,81176,0.26,0.4,0.15,55,14,8,
STA2023 ,0.25,Mid,Statistical Methods,Spring 2018,0,No,10243,0.06,0.17,0.12,52,3,6,
STA2023 ,0.25,Mid,Statistical Methods,Spring 2018,0,No,10256,0.2,0.3,0.09,54,11,5,
STA2023 ,0.25,Mid,Statistical Methods,Spring 2018,0,No,10257,0.17,0.26,0.09,53,9,5,
STA2023 ,0.25,Mid,Statistical Methods,Spring 2018,0,No,10260,0.09,0.17,0.08,53,5,4,
STA2023 ,0.25,Mid,Statistical Methods,Spring 2018,0,No,10270,0.17,0.4,0.23,52,9,12,
STA2023 ,0.25,Mid,Statistical Methods,Spring 2018,0,No,10271,0.26,0.33,0.07,54,14,4,
STA2023 ,0.25,Mid,Statistical Methods,Spring 2018,0,No,10281,0.09,0.09,0,55,5,0,
STA2023 ,0.25,Mid,Statistical Methods,Spring 2018,0,No,10282,0.17,0.21,0.04,53,9,2,
STA2023 ,0.25,Mid,Statistical Methods,Spring 2018,0,No,10303,0.09,0.11,0.02,54,5,1,
STA2023 ,0.25,Mid,Statistical Methods,Spring 2018,0,No,10304,0.38,0.47,0.09,34,13,3,
STA2023 ,0.25,Mid,Statistical Methods,Spring 2018,0,No,10321,0.31,0.43,0.11,35,11,4,
STA2023 ,0.25,Mid,Statistical Methods,Spring 2018,0,No,10322,0.11,0.17,0.06,53,6,3,
STA2023 ,0.25,Mid,Statistical Methods,Spring 2018,0,No,10326,0.06,0.14,0.09,35,2,3,
STA2023 ,0.25,Mid,Statistical Methods,Spring 2018,0,No,10327,0.26,0.37,0.11,54,14,6,
STA2023 ,0.25,Mid,Statistical Methods,Spring 2018,0,No,10335,0.15,0.36,0.21,53,8,11,
STA2023 ,0.25,Mid,Statistical Methods,Spring 2018,0,No,10336,0.06,0.17,0.11,54,3,6,
STA2023 ,0.25,Mid,Statistical Methods,Spring 2018,0,No,10337,0.04,0.09,0.06,54,2,3,
STA2023 ,0.25,Mid,Statistical Methods,Spring 2018,0,No,10338,0.13,0.26,0.13,53,7,7,
STA2023 ,0.25,Mid,Statistical Methods,Spring 2018,0,No,10340,0.34,0.6,0.26,53,18,14,
STA2023 ,0.25,Mid,Statistical Methods,Spring 2018,0,No,10341,0.24,0.38,0.15,34,8,5,
STA2023 ,0.25,Mid,Statistical Methods,Spring 2018,0,No,10353,0.13,0.15,0.02,55,7,1,
STA2023 ,0.25,Mid,Statistical Methods,Spring 2018,0,No,10361,0.25,0.3,0.06,53,13,3,
STA2023 ,0.25,Mid,Statistical Methods,Spring 2018,0,No,10362,0.2,0.28,0.07,54,11,4,
STA2023 ,0.25,Mid,Statistical Methods,Spring 2018,0,No,10363,0.13,0.21,0.08,53,7,4,
STA2023 ,0.25,Mid,Statistical Methods,Spring 2018,1,Yes,11917,0.06,0.19,0.13,54,3,7,-0.063846154
STA2023 ,0.25,Mid,Statistical Methods,Spring 2018,0,No,12457,0.47,0.47,0,34,16,0,
MAC1105 ,0.28,Mid,College Algebra,Fall 2016,0,No,81040,0.2,0.31,0.11,70,14,8,
MAC1105 ,0.28,Mid,College Algebra,Fall 2016,0,No,81041,0.21,0.38,0.17,71,15,12,
MAC1105 ,0.28,Mid,College Algebra,Fall 2016,0,No,81042,0.1,0.22,0.13,72,7,9,
MAC1105 ,0.28,Mid,College Algebra,Fall 2016,0,No,81088,0.11,0.21,0.1,72,8,7,
MAC1105 ,0.28,Mid,College Algebra,Fall 2016,0,No,81089,0.19,0.36,0.17,72,14,12,
MAC1105 ,0.28,Mid,College Algebra,Fall 2016,1,Yes,81099,0.2,0.3,0.1,70,14,7,0.016511628
MAC1105 ,0.28,Mid,College Algebra,Fall 2016,0,No,81107,0.11,0.31,0.19,72,8,14,
MAC1105 ,0.28,Mid,College Algebra,Fall 2016,0,No,81136,0.19,0.21,0.03,70,13,2,
MAC1105 ,0.28,Mid,College Algebra,Fall 2016,0,No,81144,0.18,0.31,0.13,72,13,9,
MAC1105 ,0.28,Mid,College Algebra,Fall 2016,0,No,81145,0.15,0.18,0.03,72,11,2,
MAC1105 ,0.28,Mid,College Algebra,Fall 2016,0,No,81147,0.15,0.32,0.18,34,5,6,
MAC1105 ,0.28,Mid,College Algebra,Fall 2016,0,No,81148,0.28,0.34,0.06,32,9,2,
MAC1105 ,0.28,Mid,College Algebra,Fall 2016,0,No,81150,0.24,0.34,0.1,70,17,7,
MAC1105 ,0.28,Mid,College Algebra,Fall 2016,0,No,81151,0.12,0.26,0.14,73,9,10,
MAC1105 ,0.28,Mid,College Algebra,Fall 2016,0,No,81152,0.3,0.37,0.07,71,21,5,
MAC1105 ,0.28,Mid,College Algebra,Fall 2016,0,No,81153,0.15,0.19,0.04,69,10,3,
MAC1105 ,0.28,Mid,College Algebra,Spring 2017,0,No,10251,0.22,0.38,0.16,69,15,11,
MAC1105 ,0.28,Mid,College Algebra,Spring 2017,0,No,10252,0.21,0.35,0.14,71,15,10,
MAC1105 ,0.28,Mid,College Algebra,Spring 2017,0,No,10253,0.17,0.31,0.14,71,12,10,
MAC1105 ,0.28,Mid,College Algebra,Spring 2017,0,No,10288,0.14,0.22,0.08,74,10,6,
MAC1105 ,0.28,Mid,College Algebra,Spring 2017,0,No,10298,0.1,0.18,0.08,73,7,6,
MAC1105 ,0.28,Mid,College Algebra,Spring 2017,0,No,10299,0.13,0.27,0.14,71,9,10,
MAC1105 ,0.28,Mid,College Algebra,Spring 2017,0,No,10300,0.06,0.15,0.09,33,2,3,
MAC1105 ,0.28,Mid,College Algebra,Spring 2017,0,No,10306,0.17,0.28,0.11,72,12,8,
MAC1105 ,0.28,Mid,College Algebra,Spring 2017,0,No,10331,0.18,0.47,0.29,34,6,10,
MAC1105 ,0.28,Mid,College Algebra,Spring 2017,0,No,10332,0.1,0.22,0.12,69,7,8,
MAC1105 ,0.28,Mid,College Algebra,Spring 2017,1,Yes,10345,0.21,0.28,0.07,72,15,5,-0.003488372
MAC1105 ,0.28,Mid,College Algebra,Spring 2017,0,No,10348,0.14,0.2,0.06,71,10,4,
MAC1105 ,0.28,Mid,College Algebra,Spring 2017,0,No,10349,0.09,0.2,0.11,35,3,4,
MAC1105 ,0.28,Mid,College Algebra,Spring 2017,0,No,10354,0.07,0.11,0.04,72,5,3,
MAC1105 ,0.28,Mid,College Algebra,Spring 2017,0,No,10355,0.15,0.24,0.08,72,11,6,
MAC1105 ,0.28,Mid,College Algebra,Spring 2017,0,No,11603,0.32,0.48,0.16,71,23,11,
MAC1105 ,0.28,Mid,College Algebra,Fall 2017,0,No,81040,0.19,0.35,0.15,72,14,11,
MAC1105 ,0.28,Mid,College Algebra,Fall 2017,0,No,81041,0.24,0.3,0.06,70,17,4,
MAC1105 ,0.28,Mid,College Algebra,Fall 2017,0,No,81042,0.17,0.31,0.14,71,12,10,
MAC1105 ,0.28,Mid,College Algebra,Fall 2017,0,No,81088,0.08,0.22,0.14,72,6,10,
MAC1105 ,0.28,Mid,College Algebra,Fall 2017,0,No,81089,0.19,0.38,0.18,72,14,13,
MAC1105 ,0.28,Mid,College Algebra,Fall 2017,1,Yes,81099,0.15,0.29,0.14,72,11,10,0.006511628
MAC1105 ,0.28,Mid,College Algebra,Fall 2017,0,No,81107,0.09,0.18,0.1,71,6,7,
MAC1105 ,0.28,Mid,College Algebra,Fall 2017,1,Yes,81136,0.11,0.37,0.25,71,8,18,0.086511628
MAC1105 ,0.28,Mid,College Algebra,Fall 2017,0,No,81144,0.11,0.23,0.11,71,8,8,
MAC1105 ,0.28,Mid,College Algebra,Fall 2017,0,No,81145,0.13,0.23,0.1,71,9,7,
MAC1105 ,0.28,Mid,College Algebra,Fall 2017,0,No,81148,0.41,0.66,0.25,32,13,8,
MAC1105 ,0.28,Mid,College Algebra,Fall 2017,0,No,81150,0.24,0.35,0.11,71,17,8,
MAC1105 ,0.28,Mid,College Algebra,Fall 2017,0,No,81151,0.17,0.21,0.04,72,12,3,
MAC1105 ,0.28,Mid,College Algebra,Fall 2017,0,No,81152,0.09,0.23,0.14,71,6,10,
MAC1105 ,0.28,Mid,College Algebra,Fall 2017,0,No,81153,0.11,0.17,0.06,70,8,4,
MAC2311 ,0.32,High,Calculus I,Fall 2017,1,Yes,81032,0.09,0.14,0.06,35,3,2,-0.193636364
MAC2311 ,0.32,High,Calculus I,Fall 2017,0,No,81058,0.32,0.65,0.32,31,10,10,
MAC2311 ,0.32,High,Calculus I,Fall 2017,1,Yes,81098,0.12,0.38,0.27,34,4,9,0.046363636
MAC2311 ,0.32,High,Calculus I,Fall 2017,1,Yes,81101,0.21,0.44,0.24,34,7,8,0.106363636
MAC2311 ,0.32,High,Calculus I,Fall 2017,0,No,81123,0.2,0.34,0.14,35,7,5,
MAC2311 ,0.32,High,Calculus I,Fall 2017,0,No,82116,0.03,0.18,0.15,33,1,5,
MAC2311 ,0.32,High,Calculus I,Fall 2017,0,No,82263,0.06,0.09,0.03,34,2,1,
MAC2311 ,0.32,High,Calculus I,Fall 2017,0,No,82448,0.26,0.46,0.2,35,9,7,
MAC2311 ,0.32,High,Calculus I,Spring 2018,0,No,10268,0.13,0.18,0.05,40,5,2,
MAC2311 ,0.32,High,Calculus I,Spring 2018,0,No,10273,0.11,0.19,0.08,36,4,3,
MAC2311 ,0.32,High,Calculus I,Spring 2018,0,No,10295,0.2,0.57,0.37,35,7,13,
MAC2311 ,0.32,High,Calculus I,Spring 2018,0,No,10305,0.18,0.43,0.25,28,5,7,
MAC2311 ,0.32,High,Calculus I,Spring 2018,1,Yes,10308,0.15,0.18,0.03,34,5,1,-0.153636364
MAC2311 ,0.32,High,Calculus I,Spring 2018,0,No,10309,0.21,0.24,0.03,34,7,1,
MAC2311 ,0.32,High,Calculus I,Spring 2018,0,No,10328,0.11,0.34,0.24,38,4,9,
BSC1010C,0.35,High,Gen'l Biology w/Lab I,Fall 2016,0,No,80668,0.14,0.34,0.2,71,10,14,
BSC1010C,0.35,High,Gen'l Biology w/Lab I,Fall 2016,0,No,80692,0.14,0.41,0.27,70,10,19,
BSC1010C,0.35,High,Gen'l Biology w/Lab I,Fall 2016,0,No,80694,0.29,0.5,0.21,70,20,15,
BSC1010C,0.35,High,Gen'l Biology w/Lab I,Fall 2016,0,No,80696,0.16,0.19,0.03,67,11,2,
BSC1010C,0.35,High,Gen'l Biology w/Lab I,Fall 2016,0,No,80697,0.19,0.24,0.05,80,15,4,
BSC1010C,0.35,High,Gen'l Biology w/Lab I,Fall 2016,0,No,80795,0.23,0.52,0.29,66,15,19,
BSC1010C,0.35,High,Gen'l Biology w/Lab I,Fall 2016,0,No,80796,0.08,0.19,0.11,80,6,9,
BSC1010C,0.35,High,Gen'l Biology w/Lab I,Fall 2016,0,No,80797,0.09,0.29,0.2,69,6,14,
BSC1010C,0.35,High,Gen'l Biology w/Lab I,Fall 2016,1,Yes,80799,0.26,0.36,0.09,76,20,7,0.008
BSC1010C,0.35,High,Gen'l Biology w/Lab I,Fall 2016,0,No,80800,0.17,0.37,0.2,70,12,14,
BSC1010C,0.35,High,Gen'l Biology w/Lab I,Fall 2016,0,No,80806,0.11,0.38,0.26,72,8,19,
BSC1010C,0.35,High,Gen'l Biology w/Lab I,Fall 2016,0,No,80808,0.13,0.32,0.18,60,8,11,
BSC1010C,0.35,High,Gen'l Biology w/Lab I,Fall 2016,0,No,80843,0.12,0.55,0.43,65,8,28,
BSC1010C,0.35,High,Gen'l Biology w/Lab I,Fall 2016,0,No,80844,0.18,0.32,0.14,79,14,11,
BSC1010C,0.35,High,Gen'l Biology w/Lab I,Spring 2017,0,No,10513,0.27,0.43,0.16,63,17,10,
BSC1010C,0.35,High,Gen'l Biology w/Lab I,Spring 2017,0,No,10514,0.16,0.27,0.11,71,11,8,
BSC1010C,0.35,High,Gen'l Biology w/Lab I,Spring 2017,0,No,10515,0.27,0.42,0.15,41,11,6,
BSC1010C,0.35,High,Gen'l Biology w/Lab I,Spring 2017,1,Yes,10516,0.26,0.33,0.08,39,10,3,-0.022
BSC1010C,0.35,High,Gen'l Biology w/Lab I,Spring 2017,0,No,10517,0.14,0.23,0.09,71,10,6,
BSC1010C,0.35,High,Gen'l Biology w/Lab I,Spring 2017,0,No,10518,0.13,0.2,0.07,71,9,5,
BSC1010C,0.35,High,Gen'l Biology w/Lab I,Spring 2017,0,No,10519,0.15,0.62,0.47,68,10,32,
BSC1010C,0.35,High,Gen'l Biology w/Lab I,Spring 2017,0,No,10520,0.17,0.25,0.09,79,13,7,
CHM1046 ,0.36,High,General Chemistry II,Spring 2017,0,No,10056,0.12,0.32,0.21,68,8,14,
CHM1046 ,0.36,High,General Chemistry II,Spring 2017,1,Yes,10057,0.19,0.26,0.07,96,18,7,-0.0675
CHM1046 ,0.36,High,General Chemistry II,Spring 2017,0,No,10058,0.17,0.44,0.27,95,16,26,
CHM1046 ,0.36,High,General Chemistry II,Spring 2018,0,No,10056,0.17,0.23,0.06,96,16,6,
CHM1046 ,0.36,High,General Chemistry II,Spring 2018,0,No,10057,0.19,0.37,0.18,94,18,17,
CHM1046 ,0.36,High,General Chemistry II,Spring 2018,1,Yes,10058,0.12,0.33,0.22,96,11,21,0.0025
CHM1046 ,0.36,High,General Chemistry II,Fall 2018,0,No,81368,0.16,0.27,0.11,63,10,7,
CHM1046 ,0.36,High,General Chemistry II,Fall 2018,1,Yes,81370,0.33,0.55,0.23,92,30,21,0.2225
CHM1046 ,0.36,High,General Chemistry II,Fall 2018,1,Yes,82739,0.18,0.48,0.31,91,16,28,0.1525
CHM1045 ,0.37,High,General Chemistry I,Fall 2016,0,No,81403,0.18,0.37,0.19,94,17,18,
CHM1045 ,0.37,High,General Chemistry I,Fall 2016,0,No,81404,0.17,0.36,0.18,93,16,17,
CHM1045 ,0.37,High,General Chemistry I,Fall 2016,0,No,81405,0.16,0.35,0.19,95,15,18,
CHM1045 ,0.37,High,General Chemistry I,Fall 2016,1,Yes,81406,0.14,0.4,0.26,88,12,23,0.0295
CHM1045 ,0.37,High,General Chemistry I,Fall 2016,0,No,81407,0.14,0.39,0.26,94,13,24,
CHM1045 ,0.37,High,General Chemistry I,Fall 2016,0,No,81408,0.14,0.26,0.12,91,13,11,
CHM1045 ,0.37,High,General Chemistry I,Fall 2017,0,No,81403,0.09,0.2,0.12,94,8,11,
CHM1045 ,0.37,High,General Chemistry I,Fall 2017,1,Yes,81406,0.11,0.28,0.17,89,10,15,-0.0905
CHM1045 ,0.37,High,General Chemistry I,Fall 2017,0,No,81407,0.24,0.39,0.15,95,23,14,
CHM1045 ,0.37,High,General Chemistry I,Fall 2017,0,No,81408,0.21,0.38,0.17,94,20,16,
CHM1045 ,0.37,High,General Chemistry I,Fall 2017,0,No,82651,0.2,0.33,0.14,87,17,12,
CHM1045 ,0.37,High,General Chemistry I,Fall 2017,0,No,82733,0.18,0.47,0.29,85,15,25,
CHM1045 ,0.37,High,General Chemistry I,Fall 2017,1,Yes,82921,0.16,0.3,0.14,93,15,13,-0.0705
CHM1045 ,0.37,High,General Chemistry I,Spring 2018,1,Yes,10031,0.22,0.49,0.27,92,20,25,0.1195
CHM1045 ,0.37,High,General Chemistry I,Spring 2018,0,No,10032,0.17,0.34,0.18,96,16,17,
CHM1045 ,0.37,High,General Chemistry I,Spring 2018,0,No,10033,0.2,0.42,0.21,94,19,20,
CHM1045 ,0.37,High,General Chemistry I,Spring 2018,0,No,10034,0.23,0.48,0.25,94,22,23,
CHM1045 ,0.37,High,General Chemistry I,Spring 2018,0,No,10035,0.14,0.28,0.14,94,13,13,
CHM1045 ,0.37,High,General Chemistry I,Fall 2018,0,No,81403,0.22,0.38,0.16,96,21,15,
CHM1045 ,0.37,High,General Chemistry I,Fall 2018,1,Yes,81406,0.3,0.48,0.18,93,28,17,0.1095
CHM1045 ,0.37,High,General Chemistry I,Fall 2018,0,No,81407,0.25,0.37,0.12,87,22,10,
CHM1045 ,0.37,High,General Chemistry I,Fall 2018,0,No,81408,0.2,0.37,0.17,96,19,16,
CHM1045 ,0.37,High,General Chemistry I,Fall 2018,0,No,82651,0.31,0.49,0.17,86,27,15,
CHM1045 ,0.37,High,General Chemistry I,Fall 2018,0,No,82733,0.38,0.46,0.09,93,35,8,
CHM1045 ,0.37,High,General Chemistry I,Fall 2018,0,No,82921,0.17,0.32,0.15,89,15,13,
MAC2233 ,0.39,High,Elementary Calculus,Spring 2017,0,No,10244,0.19,0.54,0.35,54,10,19,
MAC2233 ,0.39,High,Elementary Calculus,Spring 2017,1,Yes,10245,0.17,0.44,0.28,54,9,15,0.156666667
MAC2233 ,0.39,High,Elementary Calculus,Spring 2017,1,Yes,10246,0.1,0.5,0.4,52,5,21,0.216666667
MAC2233 ,0.39,High,Elementary Calculus,Spring 2017,0,No,10254,0.21,0.28,0.07,57,12,4,
MAC2233 ,0.39,High,Elementary Calculus,Spring 2017,0,No,10269,0.13,0.22,0.09,54,7,5,
MAC2233 ,0.39,High,Elementary Calculus,Spring 2017,0,No,10301,0.2,0.35,0.15,54,11,8,